toto@unice.fr,DuBois,Toto,10/09/80,Japon,Tokio,120,
alphonse@gmail.xyz,DaSilva,Alphonse,10/01/85,France,Marseille,200,
madeleine@outlook.fr,Rostaing,Madeleine,19/08/96,Perou,Perou-ville,80,
esmeralda@smtp.home,Guili,Esme,21/02/98,Algerie,Alger,190,
rottchild@banque.fr,Rottchild,Grace,03/05/95,Congo,BrazzaVille,235,
elegantini@laposte.fr,Elegantini,Robin,09/12/99,Mexique,Mexico,125,
laurence@nicecotedazur.org,Regina,Laurence,24/11/76,France,Paris,159,